category,year,sales,emp,Export,gdp,inputs,n_firms,n_firms_export,n_new_firms,gdp_per_worker,sales_per_worker,export_share,avg_employment,TFP
foreign,1990,2.1954283464273014e9,70025.0,3.38029767648007e8,4.009078714978188e8,1.0432805890126727e6,2485,711,1818,5725.210589044182,31352.064925773673,0.15396984747787137,28.17907444668008,384.27617241228
foreign,1991,3.8546073851632023e9,124789.0,6.983334127217896e8,6.716271167900286e8,2.0239801106335851e6,5057,1571,2721,5382.101922365181,30888.99971282086,0.1811684934267884,24.67648803638521,331.8348403037335
foreign,1992,7.381103226116068e9,193208.0,1.3574050635015762e9,1.9472110134758859e9,3.588000014767678e6,10892,3072,5792,10078.314632292067,38202.886144031654,0.18390273403828847,17.738523687109804,542.7009491252657
foreign,1993,1.0576129150274874e10,245045.0,1.8721369500422313e9,3.012404923210435e9,4.825397418734263e6,14935,3860,5127,12293.272350835296,43159.94674559723,0.17701532606507311,16.407432206226982,624.2812066660016
foreign,1994,1.3773610469186085e10,293887.0,2.609370856749339e9,4.035348240994107e9,5.868750771796556e6,19197,4514,5622,13730.951831806466,46867.02871915425,0.1894471215508052,15.309006615617024,687.5991838649499
foreign,1995,1.7430307059310307e10,358775.0,3.9616932450494814e9,5.109800004972944e9,7.555712733161966e6,20937,5048,4303,14242.352463167568,48582.83620461377,0.2272876336354249,17.13593160433682,676.2829908217752
foreign,1996,2.2797172911335026e10,408738.0,4.934815042515467e9,6.47088539312763e9,9.207894397690585e6,22063,5345,4148,15831.377051136988,55774.5375065079,0.2164660969896762,18.5259484204324,702.7540840119301
foreign,1997,3.6064595124929985e10,465218.0,8.400331543313589e9,1.1275970772410246e10,1.08780021125133e7,22770,5326,4175,24238.03630214275,77521.92547349841,0.23292460415025656,20.431181379007466,1036.5847198576243
foreign,1998,4.058828530092001e10,523800.0,1.0135504080857422e10,1.2056635376669582e10,1.2056408856332157e7,24276,5579,3862,23017.63149421455,77488.13535876291,0.2497150102723773,21.57686604053386,1000.018788375554
foreign,1999,4.369312553161074e10,548323.0,1.1542401991078999e10,1.2710302095225586e10,1.2525984403466228e7,24019,5630,3240,23180.319073293635,79685.01327066481,0.26416974868800347,22.828718930846414,1014.7148268609014
foreign,2000,4.6356503843433685e10,586176.0,1.3818960010902752e10,1.2361405356787828e10,1.3234376153042354e7,25298,5687,4034,21088.214728661405,79082.90998511315,0.29810185982910753,23.170843544944265,934.0376315317405
foreign,2001,5.308754325990045e10,600934.0,1.5511001339534756e10,1.1005292250792679e10,1.369869945734606e7,26147,5608,3655,18313.64550981086,88341.72015545875,0.29217779514862113,22.98290434849122,803.3822688832687
foreign,2002,5.559282587153256e10,578403.0,1.5522456572126732e10,1.2766422427388575e10,1.3474441969341092e7,26963,5693,3538,22071.846839294703,96114.34565784161,0.27921690125983184,21.451730148722323,947.4546297677113
foreign,2003,6.157417773430428e10,576900.0,1.925799619417926e10,1.407791997536493e10,1.351240928426854e7,27271,5664,3574,24402.70406546183,106732.84405322289,0.3127609154161749,21.154339774852406,1041.85121092763
foreign,2004,6.058258950645471e10,597759.0,1.9817501780771576e10,1.416455476524553e10,1.3931675345331809e7,27838,5975,3430,23696.096194696405,101349.52297908474,0.3271154624161475,21.472771032401752,1016.7158230536684
foreign,2005,6.837422966391832e10,623722.0,2.415226811593379e10,1.5239076756457373e10,1.4842297469182169e7,27468,6149,3089,24432.48235024157,109622.92441811948,0.3532364201344582,22.707222950342217,1026.7330100410031
foreign,2006,7.643287106287263e10,646237.0,2.7444846580092976e10,1.5267303468467037e10,1.4969881885814495e7,27485,6158,2989,23624.9293501719,118273.74641636526,0.3590712503461661,23.512352192104785,1019.8679979522336
foreign,2007,8.065237740682555e10,671669.0,3.054745666581839e10,1.5956605523963995e10,1.5368462227050684e7,29352,6520,3625,23756.65026071472,120077.56410795428,0.3787545717559119,22.883244753338783,1038.2694955568224
foreign,2008,8.333116467779819e10,713031.0,3.252572590424968e10,1.5913796529867235e10,1.604954118058276e7,31322,6692,4090,22318.519853789294,116868.92249817777,0.3903188684570908,22.764542494093607,991.5421475799101
foreign,2009,7.241737814182837e10,659046.0,2.6568065801637596e10,1.4709299697688747e10,1.5145009618561411e7,31616,6653,3237,22319.078937871935,109882.12983893137,0.36687417417411095,20.845331477732792,971.2307927266902
foreign,2010,7.253668679654489e10,665503.0,3.0238099095684174e10,1.4799308372710754e10,1.494851480240168e7,32338,6834,3718,22237.77860161525,108995.28145860333,0.4168662842362479,20.579596759230625,990.0186452190585
foreign,2011,7.290376496938599e10,680630.0,3.254180668967617e10,1.4878725693207075e10,1.5152775001383495e7,32960,7125,3953,21860.226104061054,107112.18278563388,0.446366613621961,20.650182038834952,981.9142494921624
foreign,2012,6.99604612284906e10,673160.0,3.1790749304254704e10,1.410945111973451e10,1.502851875116314e7,31140,7080,2451,20960.02602610748,103928.42894481342,0.4544102303789313,21.617212588310853,938.8450953386542
foreign,2013,7.042265790346118e10,674946.0225629807,3.314360802290249e10,1.4154002367972696e10,1.5117356361234013e7,30128,6991,2787,20970.569341568284,104338.20712957812,0.47063841396525197,22.402616256073443,936.2749696281764
foreign,2014,7.499433164471361e10,700173.5090942383,3.665757808792206e10,1.5620659422214941e10,1.5864258242266117e7,28562,6843,2317,22309.697838214717,107108.21056587549,0.48880465075130874,24.514162491920672,984.644802402285
foreign,2015,8.099174792452989e10,755741.0,4.289256200019196e10,2.0430982487045868e10,1.6826808512371816e7,27987,6148,2218,27034.370885059652,107168.65688712124,0.52959175594235,27.00328724050452,1214.1923688038705
foreign,2016,7.41673238671812e10,768385.0,3.7022796431385056e10,1.6442154222822828e10,1.7517173388695303e7,26750,6055,2148,21398.32795125208,96523.64877916826,0.4991793488151933,28.72467289719626,938.6305574524804
foreign,2017,7.66837591923645e10,777261.0,3.7928123511913185e10,1.7110520004031565e10,1.790062098741445e7,25322,5721,2234,22013.866647151426,98658.95650542674,0.4946043844403723,30.695087275886582,955.8618115014899
foreign,2018,7.864875168989668e10,777176.0,3.72717851444503e10,1.6710242299557941e10,1.7798175934692055e7,23019,2495,2243,21501.233053462718,101198.1220340009,0.47390180191808795,33.7623702159086,938.8738689219538
foreign,2019,8.203453872489258e10,780213.0,3.9420426561496185e10,1.5816541819649687e10,1.7761642058377806e7,22418,2521,2096,20272.08187975551,105143.7732066661,0.48053450624857896,34.80297082701401,890.4887153825592
foreign,2020,7.940475696890457e10,766791.0,3.596813755631001e10,1.6670895662839533e10,1.8042874999718994e7,22331,2519,1686,21741.12067413354,103554.62827407282,0.45297207534298445,34.33751287447942,923.9600486673644
foreign,2021,8.684396671359415e10,773714.0,4.164669479030878e10,1.6909801857178093e10,1.7696213868595153e7,21828,2536,1700,21855.364976177363,112242.9821789371,0.4795577213516388,35.445940993219715,955.5604369806653
foreign,2022,8.3486955106e10,722291.0,4.1348062283e10,1.4633347122e10,1.5832441760020925e7,20667,2408,1775,20259.628213559354,115586.31508076384,0.4952637478573993,34.94900082256738,924.263442354874
large domestic,1990,1.4646445824170633e10,668839.0,1.4126942465701263e9,2.492811036909083e9,9.645941867870957e6,1267,445,95,3727.07189160483,21898.31308307475,0.09645304147705208,527.8918705603788,258.4310657326503
large domestic,1991,8.937158573696352e9,416345.0,8.083265608845004e8,1.3931309456282268e9,6.718833588126694e6,876,377,55,3346.097456744351,21465.752137521413,0.0904455878475234,475.2796803652968,207.34714252934063
large domestic,1992,5.2304089628406925e9,297153.0,7.115778568981338e8,1.2035155358602123e9,5.045198711995572e6,610,308,51,4050.154418297013,17601.737027190346,0.13604631338649054,487.1360655737705,238.54670639606488
large domestic,1993,4.338490995651533e9,236828.0,5.993935333081801e8,1.2022193425319424e9,4.02848956392244e6,470,280,40,5076.339548245741,18319.16410074625,0.13815714586222533,503.88936170212764,298.42930543957306
large domestic,1994,5.947605579587372e9,262311.0,7.844554483610717e8,1.777487329377484e9,4.684864860494354e6,491,290,20,6776.259209020911,22673.870251675955,0.1318943292160095,534.2382892057027,379.4105875638686
large domestic,1995,6.377379680246851e9,272275.0,9.155325882224647e8,1.8475001429730735e9,4.793791045594268e6,494,308,6,6785.4196785348395,23422.56791937141,0.14355936671893854,551.163967611336,385.39438315130946
large domestic,1996,6.592581786734246e9,273727.0,1.227192763143786e9,1.8319479814159951e9,4.403790050607203e6,489,310,10,6692.609722153807,24084.514084230806,0.1861475219940651,559.7689161554192,415.99348751046904
large domestic,1997,7.005124952351251e9,269051.0,1.5666958559623575e9,1.9607790837895408e9,4.392475647992407e6,477,312,5,7287.759881173238,26036.420427172732,0.22364995151678208,564.0482180293501,446.3949810821877
large domestic,1998,6.800409234919658e9,256124.0,1.3752348688565178e9,1.9633460607428372e9,4.1433691766679785e6,445,306,6,7665.607521133658,26551.237818086778,0.20222825146974632,575.5595505617978,473.8525526035129
large domestic,1999,5.931691360456827e9,222085.0,1.2604205428366363e9,1.686582723755405e9,3.561264504703689e6,400,254,9,7594.311744401491,26709.103993771878,0.2124892322009764,555.2125,473.59097352296646
large domestic,2000,6.1674380228183155e9,203219.0,1.328747001090134e9,1.7216681764808128e9,3.2167587979056397e6,371,242,5,8471.98429517325,30348.72734743462,0.2154455377052886,547.7601078167116,535.2183003592786
large domestic,2001,6.205058164246615e9,194949.0,1.31044116391607e9,1.273452433748019e9,3.1134911667446713e6,353,228,6,6532.233731632473,31829.135641868466,0.21118918295831585,552.2634560906515,409.0110957595825
large domestic,2002,7.028124241577888e9,189313.0,1.3144185816812353e9,1.2782342848956656e9,3.0958910322902133e6,335,201,9,6751.962542961474,37124.361462645924,0.18702267297798006,565.1134328358208,412.88090296578696
large domestic,2003,6.472931017644538e9,177131.0,1.176730614060636e9,1.1247541831191366e9,2.9353251171519095e6,307,182,5,6349.843805540174,36543.185651549065,0.1817925466613178,576.9739413680782,383.17874110329024
large domestic,2004,7.123357095958544e9,192293.0,1.379383400872217e9,1.316391977161702e9,2.9946662588178534e6,308,176,7,6845.761297403971,37044.287082517534,0.19364232092966585,624.327922077922,439.5788590082651
large domestic,2005,5.832053245935572e9,154294.0,1.3184932022151787e9,9.663941288509333e8,2.4311002963188277e6,268,156,6,6263.32928597958,37798.31520302521,0.22607701723814894,575.723880597015,397.51306448123404
large domestic,2006,6.342320879997374e9,162770.0,1.543002719364873e9,1.0725734027995547e9,2.4280568761793333e6,286,158,5,6589.502996864008,38964.92523190621,0.24328676340411082,569.1258741258741,441.74146549948273
large domestic,2007,5.950757020387595e9,145786.0,1.5984151639663682e9,1.075551197462927e9,2.173240164337766e6,269,155,4,7377.602770244928,40818.439496162835,0.26860702907043876,541.9553903345725,494.90673654592206
large domestic,2008,5.517009053689709e9,143011.0,1.3713203803798575e9,8.837774748600581e8,2.0054913066125764e6,256,153,9,6179.786693751236,38577.51539175105,0.24856228565779406,558.63671875,440.67878626351353
large domestic,2009,4.674519854480104e9,136999.0,1.2141174718271003e9,7.665224149167581e8,1.9269367044268742e6,239,136,4,5595.094963589209,34120.83193658424,0.259730947695832,573.2175732217573,397.7932503728729
large domestic,2010,5.00687511850604e9,135563.0,1.4474934938512712e9,8.505382827192898e8,1.9643719366566658e6,243,152,5,6274.1181791439385,36933.93564989001,0.28910117779873384,557.8724279835391,432.9823017971303
large domestic,2011,5.221643528491926e9,138519.0,1.5923540420640094e9,8.899610984310305e8,1.9813926680872869e6,246,150,3,6424.830517337192,37696.22599420965,0.30495265204821453,563.0853658536586,449.15937802987
large domestic,2012,4.957807875629285e9,132678.7777709961,1.2913427538369908e9,8.325076499164929e8,1.8563840754692506e6,241,152,1,6274.6104833238915,37366.99989945999,0.2604664775706104,550.5343475974942,448.4565779880731
large domestic,2013,5.181849323588745e9,148061.07873535156,1.4253259041888819e9,8.843232246943489e8,1.9694792734398262e6,250,145,4,5972.692028504078,34998.051938085126,0.27506124072356414,592.2443149414063,449.01372490700027
large domestic,2014,5.622751134789352e9,138179.0,1.4730569146680422e9,1.0916154813749976e9,1.93239463200297e6,236,156,5,7900.009996996632,40691.79205805044,0.2619815245874701,585.5042372881356,564.9029775266524
large domestic,2015,6.159521751890913e9,150923.0,1.7958291510388553e9,1.3906138056349595e9,2.1439965581652382e6,262,175,2,9214.06151239347,40812.34637458116,0.29155334186254855,576.0419847328244,648.6082266965022
large domestic,2016,6.905700786018272e9,162263.0,1.7677932791398113e9,1.4653506361060827e9,2.4376477221535286e6,276,182,2,9030.713324085482,42558.69043477732,0.2559904250006024,587.9094202898551,601.1330606916102
large domestic,2017,8.10438330156709e9,174564.0,2.0872320975533302e9,1.698304781266047e9,2.710043371961156e6,304,199,5,9728.837453690607,46426.42985705581,0.2575436057114594,574.2236842105264,626.6707015973136
large domestic,2018,9.77909642451609e9,205496.0,1.7471192666777525e9,2.1217423233866532e9,3.4938776491883355e6,339,224,3,10324.98113533428,47587.770197551734,0.1786585580951777,606.1828908554572,607.2743628786075
large domestic,2019,1.0766917269232685e10,211994.0,1.6741759785392048e9,2.0663036154037097e9,4.283776069141693e6,337,217,2,9746.991025235193,50788.78302797572,0.15549260170534557,629.0623145400593,482.35565586361724
large domestic,2020,1.1290872066129898e10,204027.0,1.6785913432537868e9,1.91190454530098e9,3.956202219153601e6,327,202,1,9370.840846069295,55340.08766550456,0.14866799777930237,623.9357798165138,483.2676489701826
large domestic,2021,1.0198437118953043e10,215642.0,1.9049906910260618e9,1.8948259341544952e9,3.4886288748039105e6,343,197,2,8786.905770464451,47293.37104531141,0.18679241425000082,628.6938775510204,543.1434532459403
large domestic,2022,1.0714113292e10,250578.0,2.144718668e9,1.855775728e9,4.082507076313977e6,363,216,1,7405.98028557974,42757.59760234338,0.2001769637438327,690.297520661157,454.5676696476291
medium domestic,1990,6.132868410796902e9,338169.0,5.415592635257066e8,1.2714747450670297e9,4.227119339029005e6,2817,639,539,3759.879660959549,18135.51334036207,0.08830439971160847,120.0457933972311,300.78988622996746
medium domestic,1991,5.782327134935935e9,363582.0,6.905158673693057e8,1.249069156254013e9,4.821363802033974e6,3188,801,433,3435.4537800386515,15903.777235770569,0.1194183330094409,114.04705144291091,259.06967562312394
medium domestic,1992,4.973426861331531e9,325238.0,6.210519310388616e8,1.332460960263656e9,4.914319891893872e6,2983,870,324,4096.879701214667,15291.653685398172,0.1248740452719934,109.03050620181025,271.13842598271606
medium domestic,1993,5.779955345282537e9,328721.0,5.667330595816839e8,1.568335756182216e9,5.021752870051418e6,3142,986,240,4771.023926619278,17583.164279989833,0.09805145986884448,104.62157861234883,312.3084302964032
medium domestic,1994,6.400165019036501e9,329909.0,5.911706364555241e8,1.7175312809083285e9,4.8804158485530475e6,3248,1072,137,5206.075860035126,19399.789090435548,0.09236803030814987,101.57296798029557,351.9231422497623
medium domestic,1995,6.02765511351529e9,317246.0,7.151941829889724e8,1.6633372567906222e9,4.553277293840026e6,3189,1119,114,5243.051943257353,18999.940467382694,0.1186521407612314,99.48134211351521,365.3055040247373
medium domestic,1996,6.177594459673054e9,309108.0,6.340638487331567e8,1.6592553303914762e9,4.319811979685453e6,3122,1168,84,5367.88219778031,19985.229950933182,0.10263928020401557,99.00960922485586,384.10359946089477
medium domestic,1997,6.543275732183445e9,310655.0,7.223852039125698e8,1.7119620958048744e9,4.414497034014937e6,3137,1198,77,5510.814555712524,21062.837334610565,0.11040115585523627,99.02932738284986,387.8045636034472
medium domestic,1998,7.434801063815145e9,323299.0,8.01597385523771e8,1.8596492190663948e9,4.697338730375152e6,3298,1294,73,5752.103220444216,22996.67200893026,0.10781692457450016,98.02880533656761,395.89421283184197
medium domestic,1999,7.813308377909578e9,316562.0,7.623601912457261e8,1.8485912458439202e9,4.642001400309927e6,3298,1284,105,5839.586702901549,24681.76337624092,0.09757200847225395,95.9860521528199,398.2315140448897
medium domestic,2000,8.316956289579841e9,312086.0,9.338559736075985e8,1.9747893723357651e9,4.619489381906324e6,3247,1324,81,6327.70894027853,26649.56547099146,0.1122833812145447,96.1151832460733,427.49083482487174
medium domestic,2001,8.846059621951845e9,307175.0,9.378420883685508e8,1.7097229007496452e9,4.704135939389626e6,3194,1362,105,5565.957192967023,28798.110594780974,0.10601806097273624,96.17251095804633,363.4509977557082
medium domestic,2002,9.348048065276752e9,300891.0,1.0260160839703609e9,1.8504530039519007e9,4.857737119194234e6,3127,1294,64,6149.911442854392,31067.888588481386,0.10975725379306608,96.22353693636073,380.9290125314234
medium domestic,2003,9.562494600459383e9,302486.0,1.0453371072976809e9,1.8560262233313918e9,4.976169811288895e6,3169,1278,60,6135.907854682173,31613.015479921,0.10931636052871212,95.45156200694225,372.9828952221098
medium domestic,2004,9.818906467751287e9,302079.0,9.382084497378522e8,1.8961110955787926e9,5.1177351094247615e6,3193,1305,66,6276.871598418932,32504.43250855335,0.09555121568977726,94.60663952395866,370.4980924250918
medium domestic,2005,9.835379379440342e9,293265.0,9.720584957917411e8,1.905673572368011e9,5.07471113702988e6,3121,1331,73,6498.128219760322,33537.515146506885,0.09883284195663164,93.96507529637937,375.523556102025
medium domestic,2006,1.0474290202060226e10,300180.0,1.1829506491316724e9,1.98090368280088e9,5.1217705210600775e6,3211,1394,62,6599.052844296355,34893.36465474124,0.11293850240076349,93.48489567113049,386.76150652506834
medium domestic,2007,1.007931117702084e10,297335.0,1.2534467675473168e9,1.9326273995965931e9,5.027047413736568e6,3224,1484,65,6499.831501829899,33898.83860635593,0.12435837583871484,92.22549627791564,384.44582685168774
medium domestic,2008,1.0397227205486782e10,289081.0,1.389304357386344e9,2.0481368505142672e9,4.933005753043251e6,3139,1516,43,7084.992962229504,35966.48415318468,0.13362258320691367,92.09334182860783,415.1904443352288
medium domestic,2009,8.304244393475731e9,256597.0,1.124514116516119e9,1.7396133426473355e9,4.442501343541539e6,2782,1372,48,6779.554486791878,32362.983173909794,0.13541438127707306,92.23472322070452,391.58420180927277
medium domestic,2010,8.3695371009331455e9,251890.0,1.2783005181756136e9,1.6865603539624887e9,4.340873512819177e6,2721,1373,44,6695.622509676798,33226.95264176087,0.15273252304874685,92.57258360896729,388.5301769291023
medium domestic,2011,8.716193163991121e9,252589.0,1.513687746072858e9,1.7491847393057098e9,4.277330443019545e6,2732,1399,55,6925.023414739794,34507.413877845516,0.17366385962237493,92.45571010248902,408.9430925684778
medium domestic,2012,8.341376365311387e9,248010.0,1.5004958613036032e9,1.697993417539044e9,4.1790633866638015e6,2684,1389,18,6846.471583964533,33633.225939725766,0.17988588400633676,92.40312965722802,406.30956279765195
medium domestic,2013,9.156709700909065e9,259641.96994400024,1.756618180941368e9,1.8850018857850757e9,4.3654437128284965e6,2768,1449,51,7260.004560093402,35266.67781362154,0.1918394530698045,93.80128971965327,431.8007537803594
medium domestic,2014,1.005943507529836e10,262197.0,1.799418750480299e9,2.107645962004156e9,4.590543639252998e6,2802,1494,24,8038.40609161873,38365.94268926937,0.1788787080995131,93.57494646680942,459.1277477425583
medium domestic,2015,1.1149254353500492e10,295147.0,1.9897699078376126e9,2.3498808932500114e9,5.091640316634995e6,3183,1701,29,7961.730572392778,37775.258950626274,0.17846663505464755,92.72604461200126,461.51745746310297
medium domestic,2016,1.0928461389995743e10,298820.0,2.0005147728882697e9,2.4055667292176037e9,5.22834427138707e6,3210,1704,36,8050.219962578153,36572.05471519892,0.18305548251463868,93.09034267912773,460.1010576871234
medium domestic,2017,1.1750876296303429e10,304105.0,1.9683877542385917e9,2.7621362452824287e9,5.4166252952791555e6,3286,1759,27,9082.837326852334,38640.851996196805,0.16750986944333707,92.54564820450396,509.9367400749985
medium domestic,2018,1.4078332627158207e10,326430.0,1.9495846499866917e9,3.0609955242387185e9,5.912610364823116e6,3511,1231,24,9377.188139076428,43128.18254191774,0.13848121802618799,92.9735118199943,517.7062812137956
medium domestic,2019,1.4871295883740627e10,329622.0,2.0002003357803764e9,3.2732644525685363e9,6.053270769417509e6,3574,1283,24,9930.357963268641,45116.211550626555,0.13450074233055065,92.22775601566872,540.743108520076
medium domestic,2020,1.3890497409420727e10,305974.0,1.907246473641698e9,3.1690282569867363e9,5.819325699953891e6,3320,1257,23,10357.18151537953,45397.63969951933,0.13730584423479156,92.16084337349398,544.5696667247626
medium domestic,2021,1.5612836170763487e10,322687.0,2.240069628635086e9,3.405784941378484e9,6.320825461082e6,3500,1317,21,10554.45351494942,48383.839977326286,0.14347615027369776,92.19628571428571,538.8196466344889
medium domestic,2022,1.5731417207e10,324717.0,2.265978462e9,3.357202226e9,6.175220208433302e6,3541,1400,27,10338.855760554576,48446.546398864244,0.1440415972816301,91.7020615645298,543.6570863359942
micro domestic,1990,2.640222349882927e9,26066.0,2.2799347226304457e8,4.7187580323447996e8,257676.9242123325,12468,973,9088,18103.115293273997,101289.89295952301,0.08635389071422499,2.090632017965993,1831.2691548803261
micro domestic,1991,3.562972178807185e9,46268.0,3.026892660360748e8,6.081584174992404e8,464293.03912756505,24081,2028,13924,13144.255586998366,77007.2659031552,0.08495414806674392,1.9213487811967942,1309.859003361341
micro domestic,1992,5.925646729117286e9,117954.0,5.746503466729183e8,1.4388919174722075e9,1.0625367283867607e6,76055,4937,56096,12198.754747377856,50236.92904960651,0.09697681501146815,1.5509039510880285,1354.2044044509062
micro domestic,1993,6.994223395574543e9,171292.0,5.204619170530489e8,1.5635196102731674e9,1.6030154238580097e6,94981,5729,32248,9127.802876218197,40832.16609984438,0.07441311030790937,1.8034343710847434,975.3615511135963
micro domestic,1994,8.548009505235129e9,212935.0,6.63899431471227e8,1.6746635334673896e9,2.0269625386455331e6,120959,6351,33908,7864.670126880924,40143.75046486078,0.07766713771956262,1.7603898841756298,826.1936279229124
micro domestic,1995,8.959065694011196e9,239390.0,7.814797239402608e8,1.752674089578446e9,2.3222056895276452e6,137491,7381,29174,7321.417308903655,37424.56115130622,0.08722781488952035,1.741132146831429,754.7454118652829
micro domestic,1996,9.156440256374542e9,274262.0,6.694509537085968e8,1.8122658286444144e9,2.7116833808336314e6,162322,8104,37165,6607.790465483423,33385.741576939356,0.07311257813783448,1.6896169342418157,668.3176367320892
micro domestic,1997,9.522244201870224e9,295020.0,6.507247076888641e8,1.9831888295917387e9,3.080961801578898e6,180906,7861,34748,6722.218255005555,32276.605660193287,0.06833732614849954,1.6307916818679313,643.6914695194909
micro domestic,1998,1.0808224777985481e10,331520.0,6.926099269754387e8,2.3091281577622633e9,3.6624599877305836e6,205746,8613,33784,6965.275572400649,32602.029373749643,0.06408174711412068,1.6113071457039263,630.4855658486244
micro domestic,1999,1.0869918120750656e10,350828.0,6.250651204009455e8,2.4260673164808097e9,4.0629112305338653e6,213575,8290,27224,6915.261371614608,30983.610546337968,0.05750412408421893,1.6426454407116937,597.1253563819619
micro domestic,2000,1.2017984306007608e10,383316.0,6.887350064690568e8,2.693585353648294e9,4.566537215451136e6,234321,8765,34381,7027.062146240423,31352.68109342581,0.05730869577893929,1.6358585017988145,589.8529293781721
micro domestic,2001,1.325914532399595e10,410914.0,7.080761832141957e8,2.4366386130578594e9,5.03116979879304e6,255462,7150,34489,5929.801888127101,32267.446044661294,0.053402852590562044,1.608513203529292,484.3085625220601
micro domestic,2002,1.4142792057673115e10,418341.0,6.882049702602102e8,2.5860279891000257e9,5.366840795966869e6,251904,7837,31868,6181.626924207825,33806.85148640251,0.04866118143106172,1.6607159870426829,481.8529349786939
micro domestic,2003,1.4708107640080257e10,429065.0,7.345842013584441e8,2.472651327186497e9,5.577641691467468e6,255433,8314,31854,5762.882843360557,34279.439339214936,0.04994416816454817,1.6797555523366205,443.31483877300604
micro domestic,2004,1.5819374210905823e10,462905.0,1.1859740586809852e9,2.2166992173382688e9,5.915574458378953e6,263643,9968,29552,4788.669850915995,34174.126896243986,0.07496972022214246,1.7558023539407457,374.7225621002008
micro domestic,2005,1.7223724436228474e10,466535.0,1.2288189347792928e9,2.2169401053025045e9,6.017323451223986e6,271623,10308,27164,4751.926662099317,36918.39719684155,0.0713445538059462,1.7175828261966033,368.42628176345676
micro domestic,2006,1.6824887149476189e10,489193.0,8.467713940983531e8,2.3798619478860207e9,6.145939503237823e6,279875,10401,27031,4864.873266555369,34393.1477954022,0.05032850363722741,1.7478981688253685,387.22508521801336
micro domestic,2007,1.6471701183023495e10,493536.0,9.257914236375804e8,2.5224954640225916e9,6.164397484647743e6,286936,12114,28117,5111.06679963081,33374.87272057863,0.05620496713428388,1.7200211893941506,409.20389548285857
micro domestic,2008,1.6144396359540241e10,503255.0,8.888333087373718e8,2.629683535211236e9,6.133207141320917e6,301098,13264,36708,5225.350041651322,32079.952230062772,0.05505522095362406,1.6713993450637334,428.7615719831823
micro domestic,2009,1.4415781773618946e10,497312.0,6.710920617876768e8,2.3152989820290046e9,5.998978104692567e6,311879,14157,35173,4655.626612728035,28987.399808608974,0.04655259578192168,1.5945671237883923,385.9488968992758
micro domestic,2010,1.4383171227790356e10,512947.0,1.0955254106207688e9,2.2964493128874726e9,5.923747378946708e6,334785,16190,47446,4476.971915007735,28040.26776214766,0.07616716739796965,1.5321684065893035,387.6683399851195
micro domestic,2011,1.4870915762018032e10,526095.0,9.69630865941739e8,2.43897681443133e9,5.901732308156714e6,353239,17837,46330,4636.000749734041,28266.59778560532,0.06520317117378095,1.4893457404193762,413.2645615017898
micro domestic,2012,1.4822903362078167e10,522357.0,1.3543860654252148e9,2.409011809635517e9,5.7996486523344405e6,354558,18627,32923,4611.811097842122,28376.95936319063,0.0913711728628129,1.4732624845582387,415.3720257977793
micro domestic,2013,1.5846003197596802e10,531260.8103173971,1.2977001325250955e9,2.9592016679914827e9,6.090606188582851e6,373386,19590,28979,5570.148617255494,29827.16377692107,0.08189447625013127,1.4228193084834384,485.86324191156143
micro domestic,2014,1.6760438144960629e10,541777.0,1.1488671126137915e9,3.1892433638041687e9,6.447649481008843e6,363925,20013,21685,5886.634840172559,30936.045909960423,0.06854636511750273,1.488705090334547,494.6365917064645
micro domestic,2015,1.8053932650979725e10,519168.0,9.673333399872532e8,3.418120478215287e9,6.414452931400868e6,364804,19155,17076,6583.842760369066,34774.740837223646,0.05358020098378728,1.423142290106468,532.8779421675163
micro domestic,2016,1.7411200626275333e10,512790.0,9.883583329468787e8,3.381019391727742e9,6.574361946282819e6,363236,19094,19493,6593.380119986236,33953.86147599472,0.05676566218272978,1.4117268112191523,514.2733879505051
micro domestic,2017,1.9006409743336452e10,505487.0,1.0526604341730072e9,3.74671833970897e9,6.710432411657822e6,357633,17403,18812,7412.096334245925,37600.194947321004,0.05538449651397547,1.4134238171533389,558.3423108770032
micro domestic,2018,2.1719269314146576e10,473684.0,3.186446952739098e8,4.341850823603937e9,6.5371162966599725e6,360426,574,20177,9166.133590334352,45851.81115289217,0.014671059632119602,1.3142337123292993,664.1844242272898
micro domestic,2019,2.265991024109201e10,486860.0,3.5440865003938866e8,4.667435247069639e9,6.8443315511419745e6,354467,584,18170,9586.811911164687,46542.96972659905,0.01564033777136044,1.3734988024273063,681.941722459497
micro domestic,2020,2.18175353348677e10,487498.0,3.59380871275476e8,4.654654797285432e9,6.977760785999954e6,360023,593,20168,9548.049012068628,44754.10224219935,0.016472111343444527,1.354074600789394,667.0699870686943
micro domestic,2021,2.409908990605004e10,508828.0,3.983105405382961e8,5.560263558044939e9,7.255141115723593e6,366633,564,25402,10927.589594214429,47361.95709758512,0.016528032473056207,1.3878401562325269,766.3894429282076
micro domestic,2022,2.436235508883561e10,526313.0,4.61240847e8,5.647464174943512e9,7.217772385142131e6,388411,596,27242,10730.238802658327,46288.71999900365,0.018932522956755116,1.3550414380643185,782.4386630103331
small domestic,1990,3.8126755861750712e9,103060.0,3.105329468322735e8,6.75509057663713e8,920966.9744092938,4477,627,1859,6554.522197396788,36994.71750606512,0.08144751364587104,23.019879383515747,733.4780469158331
small domestic,1991,4.0232094942429686e9,148896.0,2.9935238101580226e8,7.561328564572549e8,1.3692598156188051e6,6719,1063,1694,5078.2617159443835,27020.265784460084,0.07440636174779415,22.160440541747285,552.2201468503173
small domestic,1992,4.618452855806101e9,190202.0,3.581551971552469e8,1.1998809720586042e9,1.9802394468191687e6,9133,1738,2791,6308.456125900907,24281.831188978565,0.07754873944528655,20.825796561918317,605.9272145022444
small domestic,1993,5.754074139117367e9,232282.0,4.13100310364928e8,1.556675559559332e9,2.6974262198750502e6,11253,1952,1421,6701.662460110262,24771.932991438713,0.0717926638373649,20.64178441304541,577.0966219908101
small domestic,1994,7.245152450720234e9,262936.0,4.5123334830483973e8,1.7454305220943046e9,3.156776511502421e6,12960,2232,985,6638.233342312596,27554.813531506654,0.062280725129528924,20.28827160493827,552.9154552862511
small domestic,1995,7.370760761373773e9,268998.0,5.585035608850942e8,1.6732386939943092e9,3.2252399737609904e6,13432,2351,784,6220.264440606656,27400.80134935491,0.07577285153683369,20.02665276950566,518.7950997776844
small domestic,1996,7.850105042214645e9,281980.0,5.749496953386855e8,1.6543614581950736e9,3.4352086973934616e6,14159,2695,868,5866.9460890668615,27839.226335962285,0.07324101935538975,19.915248251995198,481.5897966986273
small domestic,1997,8.838122754770618e9,305776.0,6.364688393270929e8,1.7709983769182265e9,3.834090517930759e6,15540,2943,886,5791.816156003828,28903.91252018019,0.0720140302400237,19.676705276705277,461.9083374886063
small domestic,1998,1.0195164234284071e10,332417.0,7.792275426794409e8,1.9565381286672664e9,4.32757598800255e6,16980,3280,669,5885.794434903349,30669.803994031805,0.07643109269972051,19.576972909305066,452.109479785318
small domestic,1999,1.0377703047704384e10,348590.0,6.987225533409332e8,2.073006052552288e9,4.717079720671916e6,17868,3423,534,5946.831672028136,29770.512773471368,0.06732921053233405,19.509178419520932,439.4680979139785
small domestic,2000,1.2039284020624592e10,366992.0,8.19112569924094e8,2.2747183945864143e9,5.092911377881015e6,18803,3633,653,6198.27787686493,32805.30371404443,0.06803665139229756,19.517736531404562,446.6440167142367
small domestic,2001,1.306136417903735e10,377038.0,8.736866594337263e8,1.9519207371747925e9,5.481109417625336e6,19349,3739,585,5176.986768375582,34642.03655609607,0.06689091946735068,19.486174996123832,356.117820034407
small domestic,2002,1.392031980950158e10,386727.0,1.0103408939179642e9,2.1832529548870897e9,5.927419317745467e6,19973,3989,570,5645.46296195272,35995.21059947089,0.07258029325075828,19.36248936063686,368.3311130614435
small domestic,2003,1.4637709775881102e10,396082.0,1.0294870977009656e9,2.247737746132955e9,6.279261981956679e6,20556,4052,555,5674.930307696272,36956.26101635798,0.07033115927720303,19.268437439190503,357.9620905437263
small domestic,2004,1.6308132360460775e10,410570.0,9.988414021612732e8,2.5008096515638885e9,6.624488520612917e6,21249,4219,548,6091.067665839902,39720.71111006838,0.0612480558830252,19.321850440020707,377.5098475576355
small domestic,2005,1.6231573404562834e10,422379.0,8.892904853582488e8,2.428377019361452e9,6.885143747903603e6,21901,4459,518,5749.284456285592,38428.93089988573,0.05478769452555115,19.285831697182775,352.69808565737605
small domestic,2006,1.5372556144207697e10,437732.0,1.0568863243046497e9,2.619089168256139e9,7.068214675749596e6,22754,4703,497,5983.3166600937075,35118.64826927823,0.06875150198770809,19.237584600509802,370.54465496669144
small domestic,2007,1.4900766066438915e10,435363.0,1.2213933858442073e9,2.673093475214464e9,7.004869480374921e6,22713,5152,442,6139.918815366635,34226.07356720464,0.08196849614297072,19.16800950997226,381.60503671103265
small domestic,2008,1.4940874219072233e10,430708.0,1.1610936968369598e9,2.738422988241031e9,6.942355052827807e6,22566,5419,492,6357.957103747855,34689.10310250154,0.07771256753870584,19.08659044580342,394.4515899004039
small domestic,2009,1.2773888533014725e10,397964.0,9.842962078488882e8,2.338546336799165e9,6.460222714859715e6,20980,5401,430,5876.276087282178,32098.10066492126,0.07705533090451883,18.968732125834126,361.99159688722074
small domestic,2010,1.276927949009142e10,402698.0,1.2382244456591353e9,2.3015604710185122e9,6.413738837221365e6,21532,5565,572,5715.351134146463,31709.319366104177,0.09696901431439109,18.70230354820732,358.848485950454
small domestic,2011,1.3720203045988365e10,398043.0,2.3396074402409706e9,2.441313299569961e9,6.28334709153025e6,21359,5875,459,6133.290372070256,34469.14792117526,0.17052280001971587,18.635844374736646,388.5370749072215
small domestic,2012,1.2937442122742378e10,380724.0,2.168055348441532e9,2.2367875579713306e9,6.067986491566608e6,20233,5832,282,5875.089455803497,33981.15727598569,0.16757990705368,18.81698215786092,368.62105099938117
small domestic,2013,1.3709066342128109e10,402077.96817207336,1.9057250259429374e9,2.5388560080063353e9,6.503063206250348e6,21422,6138,483,6314.337538931767,34095.54222643001,0.13901202156171816,18.76939446233187,390.4092467633009
small domestic,2014,1.4633653073166016e10,422880.5833339691,1.5042596814372368e9,2.9197158500922756e9,6.91522755122974e6,22624,6509,268,6904.350696533247,34604.69373598342,0.10279454309297682,18.691680663630176,422.2154409905225
small domestic,2015,1.5386732089101152e10,448350.0,1.5055577413013437e9,3.10957027535941e9,7.294804692219774e6,23866,6809,293,6935.586651855492,34318.57274250285,0.09784779071884743,18.786139277633453,426.271902615282
small domestic,2016,1.5656208060618721e10,464319.0,1.590378384213667e9,3.2611763263871193e9,7.640644876416141e6,24609,6902,358,7023.568551765315,33718.6461476242,0.10158132659299984,18.867853224430085,426.8195131608813
small domestic,2017,1.733685707686397e10,475414.0,1.6283251939507518e9,3.733356084280528e9,7.925237907555904e6,25239,6539,303,7852.852638501449,36466.86272777826,0.09392274428585738,18.836483220412852,471.0717997148268
small domestic,2018,1.9546158641758205e10,496244.0,8.370670945021064e8,4.1936141389223776e9,8.427113439754445e6,26194,1085,302,8450.710011450774,39388.20145283007,0.04282514584291796,18.94494922501336,497.63352171566044
small domestic,2019,2.0769958730559452e10,516444.0,8.22208782554986e8,4.628546114801616e9,8.831771522147547e6,27233,1069,286,8962.338830157027,40217.252462143915,0.03958644276674686,18.963904086953328,524.0790144077607
small domestic,2020,2.0405808686683475e10,503273.0,9.626891951762457e8,4.5272517086152115e9,8.852436610171784e6,26665,1097,253,8995.618101140359,40546.201935497185,0.04717721360410883,18.87391711981999,511.4130615081986
small domestic,2021,2.206422656076638e10,520916.0,9.28733670175122e8,5.073039359063763e9,9.150210982422372e6,27510,1135,256,9738.689844550297,42356.592158364074,0.04209228307266182,18.935514358415123,554.4177471764434
small domestic,2022,2.264660933e10,530929.0,1.096469885e9,5.161316732e9,9.034222106905444e6,27969,1227,306,9721.293679569208,42654.68514622482,0.0484165143232945,18.982766634488183,571.3072659631503
state,1980,0.0,3.619138e6,0.0,0.0,0.0,4738,0,4738,0.0,0.0,NaN,763.8535246939637,NaN
state,1981,0.0,3.594425e6,0.0,0.0,0.0,4710,0,91,0.0,0.0,NaN,763.1475583864119,NaN
state,1982,0.0,3.536572e6,0.0,0.0,0.0,4629,0,100,0.0,0.0,NaN,764.00345647008,NaN
state,1983,0.0,3.452722e6,0.0,0.0,0.0,4609,0,137,0.0,0.0,NaN,749.1260577131699,NaN
state,1984,0.0,3.38983e6,0.0,0.0,0.0,4511,0,127,0.0,0.0,NaN,751.4586566171581,NaN
state,1985,0.0,3.342632e6,0.0,0.0,0.0,5412,0,984,0.0,0.0,NaN,617.6334072431633,NaN
state,1986,0.0,3.297214e6,0.0,0.0,0.0,5998,0,726,0.0,0.0,NaN,549.7189063021007,NaN
state,1987,1.07962059693244e11,3.233912e6,1.1273000728552402e10,1.8048628387430008e10,5.719369106035131e7,6785,1381,970,5581.051181179329,33384.352973502064,0.10441631773775652,476.62667649226233,315.5702675035421
state,1988,1.0177244503985168e11,3.143422e6,1.1993066209838009e10,1.785298494229737e10,5.55000809522907e7,7628,1614,1195,5679.474452458935,32376.32269541019,0.11784197780786153,412.08993183009966,321.6749351707119
state,1989,1.075096387049885e11,3.243288e6,1.2729886660462873e10,2.066804642375745e10,5.6942073119300395e7,14157,2639,6863,6372.559706001271,33148.34782017153,0.11840693368335356,229.09429963975418,362.96617407054083
state,1990,6.3522006489837326e10,1.803548e6,7.556140861252127e9,1.3072428612047522e10,3.407991432403947e7,3967,1189,1282,7248.173384932102,35220.5799290273,0.11895312000985057,454.63776153264433,383.5816160730904
state,1991,3.668133677247932e10,1.412357e6,4.395686146188968e9,8.214056639548151e9,2.6961211370865658e7,4481,1255,1104,5815.850128224061,25971.717329598196,0.11983440443988651,315.1879044856059,304.66200225796524
state,1992,3.3144412513591434e10,1.122302e6,4.1432811704381304e9,1.0522596309694424e10,2.417371463838046e7,5568,1465,1883,9375.904444342454,29532.525571184437,0.12500692744935837,201.5628591954023,435.29083002360596
state,1993,2.7527763665554073e10,824121.0,3.56838483029042e9,9.305743574916832e9,2.063056964519409e7,3791,906,654,11291.71999611323,33402.57518684037,0.12962857693941904,217.38881561593246,451.0657599357472
state,1994,2.6112842286923714e10,658549.0,3.41928033202733e9,8.698686676251257e9,1.7123594178516135e7,2934,625,503,13208.86779305907,39652.08706857609,0.13094248011981335,224.45432856169052,507.99420878386246
state,1995,2.2782228302341885e10,519204.0,3.1601427065596147e9,7.764341608511909e9,1.2960627140416436e7,2338,440,254,14954.31777973958,43879.14635161109,0.13871086992112927,222.07185628742516,599.0714434102943
state,1996,1.894273044537326e10,435670.0,2.426202115403159e9,6.457732460266711e9,1.0436903904566996e7,2172,362,344,14822.531871064593,43479.53828671532,0.12808090799791516,200.58471454880294,618.7402432095716
state,1997,8.262580617778546e9,355214.0,8.773854737991523e8,2.869264678998451e9,7.647374713181609e6,1961,271,323,8077.566421927208,23260.85294436184,0.10618782610257224,181.1392146863845,375.19603610540537
state,1998,7.8962300868436e9,336198.0,7.512312379780927e8,2.8079022510311055e9,7.268300733102454e6,1983,250,247,8351.930264401053,23486.84432044093,0.09513796200414243,169.54009077155825,386.3216939061023
state,1999,7.875252782540728e9,323397.0,6.714136504464642e8,2.9606400983116927e9,7.085668298171326e6,1971,240,214,9154.816211380108,24351.656887790326,0.08525613957877953,164.07762557077626,417.8349837623329
state,2000,8.057464278260177e9,309292.0,7.798398923818945e8,2.9354052266825314e9,6.82345509467135e6,1987,226,287,9490.724708956363,26051.31810153569,0.09678477812008159,155.6577755410166,430.193382378215
state,2001,8.314044957040192e9,307119.0,7.833285920712451e8,2.2635401646330256e9,6.773225705576467e6,2132,207,352,7370.238131255395,27071.086311951367,0.09421750737683175,144.05206378986867,334.18938966841597
state,2002,7.958504117998649e9,297649.0,4.696242490725508e8,2.3224692573910074e9,6.787460649370206e6,2267,198,329,7802.711439954468,26737.88293593679,0.05900911051996147,131.29642699603,342.17056677986113
state,2003,8.498929251695247e9,292307.0,4.004197864490264e8,2.3996023297480316e9,6.829876284857612e6,2268,187,318,8209.185307734784,29075.35314479382,0.047114145157656925,128.8831569664903,351.33906232945156
state,2004,7.461423465795303e9,278358.0,3.688230146300217e8,2.3839543429870596e9,6.530828505584115e6,2178,178,258,8564.346427934744,26805.133913145313,0.04943065037399125,127.80440771349862,365.03092080104153
state,2005,7.136793854110631e9,263303.0,3.45370883289495e8,2.1557196430775247e9,6.1386530353648765e6,2149,164,249,8187.22021047054,27104.871019740112,0.048393002565230214,122.52349930200093,351.1714427673937
state,2006,7.4397655784217205e9,262315.0,3.476894340115564e8,2.153366259534848e9,6.058447672311833e6,2170,181,228,8209.085487047436,28361.95253196241,0.04673392331338961,120.88248847926268,355.4320142725849
state,2007,7.369983385430193e9,253128.0,3.7331685366801345e8,2.109926892216171e9,5.914852032767739e6,2188,176,292,8335.414858159394,29115.638670673306,0.05065368999420378,115.68921389396709,356.71676662871175
state,2008,7.381688715160488e9,250467.0,3.4518505677481115e8,1.9152444540183625e9,5.603620168448595e6,2342,165,375,7646.693792069864,29471.701721825582,0.046762342614891254,106.94577284372332,341.78698706279596
state,2009,6.477814526165768e9,257566.0,3.497345193018439e8,1.9091635612261198e9,5.6620187653310085e6,2449,171,372,7412.327563522048,25150.11502358917,0.0539895852048812,105.17190690077582,337.18778413736106
state,2010,6.334083737677032e9,258089.0,3.5607310823459464e8,1.860445885276451e9,5.593714790361531e6,2551,173,375,7208.543894844224,24542.246037905654,0.05621540904433657,101.171697373579,332.5957713257324
state,2011,7.102882313571188e9,259736.0,8.24127107945509e8,1.8582121844344478e9,5.502460620724425e6,2604,176,425,7154.234239514152,27346.54539059348,0.11602713821836565,99.74500768049155,337.7056761543539
state,2012,6.795857941769745e9,268464.0,9.916511933350682e8,2.1178132246965241e9,5.716513044005198e6,2546,185,279,7888.630224896166,25313.85191969778,0.14591994150437276,105.44540455616654,370.4729103902659
state,2013,8.519574830625051e9,253326.4949887991,1.4302209777256875e9,2.1126980280867472e9,5.732292757017498e6,2576,185,334,8339.822600001475,33630.80845926418,0.16787468930779464,98.34103066335369,368.56073435893046
state,2014,7.40479729730722e9,239362.0,9.992390759353305e8,1.8514919040222287e9,5.619260730524093e6,2417,194,165,7735.112106442245,30935.559100054397,0.13494482506613747,99.03268514687629,329.49030002555963
state,2015,8.406040404498423e9,250664.0,1.2785470148762932e9,1.9679538163731928e9,5.894650151448445e6,2400,192,172,7850.963107479306,33535.09241254597,0.15209860449779533,104.44333333333333,333.85421794533863
state,2016,8.834558831247719e9,248857.0,1.1335227183123095e9,2.0111733899821615e9,6.071657483449941e6,2375,197,166,8081.642830951758,35500.54381129612,0.12830552605559142,104.7818947368421,331.2395989833413
state,2017,1.055799569051087e10,255553.0,1.629111908651944e9,2.076699545576796e9,6.755904482898083e6,2316,197,107,8126.2968760953545,41314.30932335316,0.15430124773740234,110.34240069084629,307.39030589223984
state,2018,1.0761811855088093e10,246133.0,2.0610894505669086e9,2.062466428204433e9,6.57926318359863e6,2213,156,52,8379.479501750813,43723.56350057933,0.19151881470520626,111.22141888838681,313.4798488295668
state,2019,1.0206812555427984e10,242936.0,1.9624592365319083e9,1.9447757620382705e9,6.015525653308796e6,2203,157,47,8005.3008283592,42014.40937295413,0.19226954799794693,110.27507943713118,323.29273851048424
state,2020,8.99551134025732e9,239018.0,1.6651123924344568e9,1.7040208232269602e9,6.05777316807313e6,2183,151,72,7129.257307930617,37635.28830572309,0.1851048072145308,109.49060925332111,281.2949207487376
state,2021,1.5418401393265747e10,253862.0,4.500529653574614e9,2.3960686325923877e9,7.210564331459586e6,2185,152,73,9438.46906032564,60735.365644585436,0.2918934031345362,116.18398169336385,332.2997372256115
state,2022,1.9938505561e10,235114.0,6.397082641e9,1.584391199e9,6.264869919628465e6,2175,161,58,6738.821163350545,84803.56576384223,0.32084062777065825,108.0983908045977,252.9008932868572
